{"cameraMode":{"drawMode":0,"name":"Shaded","section":"Shading Mode"},"sceneLighting":false,"audioPlay":false,"sceneViewState":{"showFog":true,"showMaterialUpdate":false,"showSkybox":false,"showFlares":true,"showImageEffects":true,"showParticleSystems":true},"in2DMode":false,"pivot":{"x":0.2574878931045532,"y":0.39833691716194155,"z":0.863122284412384},"rotation":{"x":-0.026940375566482545,"y":0.9729800224304199,"z":-0.16833063960075379,"w":-0.15572041273117066},"size":3.8276727199554445,"orthographic":false}