{"cameraMode":{"drawMode":0,"name":"Shaded","section":"Shading Mode"},"sceneLighting":false,"audioPlay":false,"sceneViewState":{"showFog":true,"showMaterialUpdate":false,"showSkybox":false,"showFlares":true,"showImageEffects":true,"showParticleSystems":true},"in2DMode":false,"pivot":{"x":-2.0015223026275636,"y":2.4072115421295168,"z":-2.0058836936950685},"rotation":{"x":-0.03856421262025833,"y":0.9600108861923218,"z":-0.16757042706012727,"w":-0.2209344208240509},"size":14.62963581085205,"orthographic":false}