{"cameraMode":{"drawMode":0,"name":"Shaded","section":"Shading Mode"},"sceneLighting":false,"audioPlay":false,"sceneViewState":{"showFog":true,"showMaterialUpdate":false,"showSkybox":false,"showFlares":true,"showImageEffects":true,"showParticleSystems":true},"in2DMode":false,"pivot":{"x":5.960464477539063e-8,"y":2.000000238418579,"z":-1.1920928955078126e-7},"rotation":{"x":0.022321829572319986,"y":0.9569405913352966,"z":-0.2791237235069275,"w":0.076527439057827},"size":6.435000419616699,"orthographic":false}