{"cameraMode":{"drawMode":0,"name":"Shaded","section":"Shading Mode"},"sceneLighting":false,"audioPlay":false,"sceneViewState":{"showFog":true,"showMaterialUpdate":false,"showSkybox":false,"showFlares":true,"showImageEffects":true,"showParticleSystems":true},"in2DMode":false,"pivot":{"x":0.14822830259799958,"y":-3.175213098526001,"z":2.9661669731140138},"rotation":{"x":0.4457443058490753,"y":-0.03140537440776825,"z":0.01565064676105976,"w":0.8944723606109619},"size":9.37486743927002,"orthographic":false}