{"cameraMode":{"drawMode":0,"name":"Shaded","section":"Shading Mode"},"sceneLighting":false,"audioPlay":false,"sceneViewState":{"showFog":true,"showMaterialUpdate":false,"showSkybox":false,"showFlares":true,"showImageEffects":true,"showParticleSystems":true},"in2DMode":false,"pivot":{"x":3.762454032897949,"y":0.053591568022966388,"z":-0.016670232638716699},"rotation":{"x":-0.05784187465906143,"y":0.8141788840293884,"z":-0.08235642313957215,"w":-0.5718256831169128},"size":0.8937455415725708,"orthographic":false}