{"cameraMode":{"drawMode":0,"name":"Shaded","section":"Shading Mode"},"sceneLighting":false,"audioPlay":false,"sceneViewState":{"showFog":true,"showMaterialUpdate":false,"showSkybox":false,"showFlares":true,"showImageEffects":true,"showParticleSystems":true},"in2DMode":false,"pivot":{"x":1.649796485900879,"y":-1.9942967891693116,"z":-3.094325304031372},"rotation":{"x":-0.1089380756020546,"y":-0.8892629146575928,"z":0.282709538936615,"w":-0.3426651358604431},"size":7.975201606750488,"orthographic":false}