{"cameraMode":{"drawMode":0,"name":"Shaded","section":"Shading Mode"},"sceneLighting":false,"audioPlay":false,"sceneViewState":{"showFog":true,"showMaterialUpdate":false,"showSkybox":false,"showFlares":true,"showImageEffects":true,"showParticleSystems":true},"in2DMode":false,"pivot":{"x":0.0,"y":0.08924999088048935,"z":1.4901161193847657e-8},"rotation":{"x":-0.06564752757549286,"y":0.8940196633338928,"z":-0.13951951265335084,"w":-0.42065858840942385},"size":0.8749080896377564,"orthographic":false}