{"cameraMode":{"drawMode":0,"name":"Shaded","section":"Shading Mode"},"sceneLighting":false,"audioPlay":false,"sceneViewState":{"showFog":true,"showMaterialUpdate":true,"showSkybox":false,"showFlares":true,"showImageEffects":true,"showParticleSystems":true},"in2DMode":false,"pivot":{"x":0.0,"y":0.8700000047683716,"z":0.0018156766891479493},"rotation":{"x":0.42776980996131899,"y":0.27743515372276308,"z":-0.13981592655181886,"w":0.848819375038147},"size":6.633760929107666,"orthographic":false}