{"cameraMode":{"drawMode":0,"name":"Shaded","section":"Shading Mode"},"sceneLighting":false,"audioPlay":false,"sceneViewState":{"showFog":true,"showMaterialUpdate":false,"showSkybox":false,"showFlares":true,"showImageEffects":true,"showParticleSystems":true},"in2DMode":false,"pivot":{"x":-0.029944375157356263,"y":0.45435965061187746,"z":0.6300978660583496},"rotation":{"x":-0.1408408284187317,"y":0.0020766458474099638,"z":-0.000295330974040553,"w":-0.99003005027771},"size":16.634191513061525,"orthographic":false}