{"cameraMode":{"drawMode":0,"name":"Shaded","section":"Shading Mode"},"sceneLighting":false,"audioPlay":false,"sceneViewState":{"showFog":true,"showMaterialUpdate":false,"showSkybox":false,"showFlares":true,"showImageEffects":true,"showParticleSystems":true},"in2DMode":false,"pivot":{"x":-0.9612605571746826,"y":0.44106733798980715,"z":-0.46526655554771426},"rotation":{"x":-0.03281775489449501,"y":-0.9355958104133606,"z":0.33972811698913576,"w":-0.09037858247756958},"size":5.701122760772705,"orthographic":false}