{"cameraMode":{"drawMode":0,"name":"Shaded","section":"Shading Mode"},"sceneLighting":false,"audioPlay":false,"sceneViewState":{"showFog":true,"showMaterialUpdate":false,"showSkybox":false,"showFlares":true,"showImageEffects":true,"showParticleSystems":true},"in2DMode":false,"pivot":{"x":-6.730087757110596,"y":-0.8047168850898743,"z":6.076781749725342},"rotation":{"x":0.09842853993177414,"y":-0.8734745979309082,"z":0.4336429536342621,"w":0.19826187193393708},"size":38.484283447265628,"orthographic":false}