{"cameraMode":{"drawMode":0,"name":"Shaded","section":"Shading Mode"},"sceneLighting":false,"audioPlay":false,"sceneViewState":{"showFog":true,"showMaterialUpdate":false,"showSkybox":false,"showFlares":true,"showImageEffects":true,"showParticleSystems":true},"in2DMode":false,"pivot":{"x":0.4153594672679901,"y":0.9154447317123413,"z":-0.25202134251594546},"rotation":{"x":0.04743931069970131,"y":-0.9360820651054382,"z":0.13890239596366883,"w":0.3196968734264374},"size":5.908087253570557,"orthographic":false}