{"cameraMode":{"drawMode":0,"name":"Shaded","section":"Shading Mode"},"sceneLighting":false,"audioPlay":false,"sceneViewState":{"showFog":true,"showMaterialUpdate":false,"showSkybox":false,"showFlares":true,"showImageEffects":true,"showParticleSystems":true},"in2DMode":false,"pivot":{"x":-3.2818260192871095,"y":-2.1317617893218996,"z":0.6542079448699951},"rotation":{"x":-0.1194068044424057,"y":0.875149667263031,"z":-0.2753341794013977,"w":-0.3795343041419983},"size":15.677728652954102,"orthographic":false}