{"cameraMode":{"drawMode":0,"name":"Shaded","section":"Shading Mode"},"sceneLighting":false,"audioPlay":false,"sceneViewState":{"showFog":true,"showMaterialUpdate":false,"showSkybox":false,"showFlares":true,"showImageEffects":true,"showParticleSystems":true},"in2DMode":false,"pivot":{"x":-4.754870414733887,"y":2.0782670974731447,"z":1.4045994281768799},"rotation":{"x":-0.05473487824201584,"y":0.9444807171821594,"z":-0.24802841246128083,"w":-0.2084280550479889},"size":23.39048194885254,"orthographic":false}